url,title,artist,start_time,end_time,volume,update
https://youtu.be/ryahyuzeLwE?si=mAIkaMqe6vCuhMfZ,電車,しー汰,47,1:21,15,TRUE
https://youtu.be/b9qRfYNBY-U?si=We306Hh6UVJUtISv,室内機,ろりたみ,38,1:10,15,TRUE
https://youtu.be/6kQsia2fvwg?si=lqGN10YLGtT8TJ0T,Frozen Kingdom,Mr.Asyu,58,1:24,10,TRUE
https://youtu.be/RlUb2F-zLxw?si=rfNACSd5eCd7sXsi,アイデア,星野源,44,1:26,15,TRUE
https://youtu.be/HS2Os_93mhg?si=pHsZ5C4l_ZaeBizL,トキメキは赤くて甘い,辻野あかり(デレステ),1:10,1:37,50,TRUE
https://youtu.be/yvQWoGIxsU8?si=5iixXLEFg-jPKk1y,True Blue (STARDOM Remix),かめりあ,1:30,2:00,15,TRUE
https://youtu.be/Ky8QBdFUQFE?si=AiT529hKjQsvufje,桜紙,ろりたみ,44,1:35,15,TRUE
https://youtu.be/9YdbTDX2AoU?si=wYeGTOIv8A__csJf,GOコロンビア,村上蔵馬,44,1:30,15,TRUE
https://youtu.be/aH_yxdoiP6o?si=Xvsj6c5Pv2bUPJpC,てにをは,sabio,45,1:25,15,TRUE
https://youtu.be/yVeB3rbEoXI?si=AwlWIK2uAs7AvQJI,　(ワニ),x髯莏,51,1:07,15,FALSE
https://youtu.be/y2isEHCCnng?si=WJgzJjpHzPtb6_8S,　(猿夢の歌),x0o0x,33,51,15,FALSE
https://youtu.be/60Fu5VJ2S1E?si=6_6_WTypd6N_Rg2i,?,Xack,43,1:02,15,FALSE
https://youtu.be/XkIKM80-Znc?si=SM-sE-moPie9v141,∴∴∴∴,全てあなたの所以です。,1:19,1:49,15,FALSE
https://youtu.be/C4kfzGc_TyU?si=kAGesfjDIuybL35Y,≣,全てみんなの所為です。(ネジマキ),3:25,3:56,15,FALSE
https://youtu.be/bTEV-l_x9yc?si=hpIK5pn-D2JEhjXm,14平米にスーベニア,久川凪(デレステ),1:19,1:53,30,FALSE
https://youtu.be/LYFciXBcXIQ?si=UKyH8Gi09iYF_mj4,3時12分,TAKU INOUE,45,1:14,15,FALSE
https://youtu.be/2Ocou8ZWxyw?si=zVTpshyya0UmOZ8q,amber.ptcop,ekuson,1:25,1:51,15,FALSE
https://youtu.be/hOrTU2NNDVQ?si=TQzAHljuKvucxwDd,BIG BROTHER,P-MODEL,14,44,15,FALSE
https://youtu.be/_CDSNhq01Ms?si=FW8o-olyfszJBhuw,BLACKMANBAAAAA,Isonosuke,1:00,1:25,15,FALSE
https://youtu.be/mn4NvCZ-ROU?si=k5KJEkV-lIbXeS6D,cherry*merry*cherry,緒方智絵里(デレステ),48,1:12,30,FALSE
https://youtu.be/05ZnooYQqHE?si=-F38LdNd5BHZjgYu,Demolish,デレステ,46,1:25,30,FALSE
https://youtu.be/qE6mruRB1PA?si=X67zIPrVEm_wEpVW,enchanted love,linear ring,39,1:02,15,FALSE
https://youtu.be/3QRpRxi1nuI?si=y6rtX4N_FiYA6IVo,EVERLASTING,デレステ,1:08,1:38,30,FALSE
https://youtu.be/3m7Vz_YrSww?si=pQeQR98PIWY4khrw,Ghost Fight(sasakure.UK Remix),sasakure.uk,12,51,15,FALSE
https://youtu.be/vij74IBUHs0?si=ERnV6s5qe5EgnWkk,Haunted Dance,Mr.Asyu,,,15,FALSE
https://youtu.be/wbO3p7_Mf30?si=c3NlGv8dVzhx1CJs,Hopes and Dreams,UNDERTALE,,,15,FALSE
https://youtu.be/4NcY0y-xVtE?si=KqXv-gJPuqI4DGVx,Infinity samba,SKRYU,,,15,FALSE
https://youtu.be/fpuuMaNwy8s?si=tYuHuvVJ025GTQZ2,INTERNET WRITING MAN!!,雨穴,,,15,FALSE
https://youtu.be/hVLwitk9dc4?si=i4D_iypJ-dxqDMFS,K²,全てあなたの所為です。,,,15,FALSE
https://youtu.be/M2cckDmNLMI?si=CwQ6S5so0IN0hpzi,KICK BACK,米津玄師,,,15,FALSE
https://youtu.be/yf0epMHPZ_c?si=oB-sLpoxeAoEe0Sm,Magic show,Mr.Asyu,,,15,FALSE
https://youtu.be/V2oKeN3plRs?si=P2Wyfi22D6BhDryh,Marine Paradise,Mr.Asyu,,,15,FALSE
https://youtu.be/WrLwyTwOreE?si=zKE0dw1TVBdqUb7Q,New Soul,NONA LEAVES,,,15,FALSE
https://youtu.be/Yep6GVM0IYs?si=U9Y3nAmbXejQzg3W,Peepy's Theme,ememouse,,,15,FALSE
https://youtu.be/obsbr57gB6w?si=iAOd6Jr5zTyvwUs3,PINK,キタニタツヤ,,,15,FALSE
https://youtu.be/cOCvghiHvFo?si=4WW2xarbcI34uYB7,Random,BMS,,,15,FALSE
https://youtu.be/3YVAA4hzkbs?si=YZResyhssNE0SQoZ,Sanukite,2号.,,,15,FALSE
https://youtu.be/BEiyIYEMqIM?si=GLzJ3STZBBeZ8v70,Secret Pure Love,2号.,,,15,FALSE
https://youtu.be/_mlJk5cWlAo?si=oMmmR0znY_TuxNmQ,SH4PESHIFT3R,Isonosuke,,,15,FALSE
https://youtu.be/FaOqgboY-BA?si=F-2GTMkRGJyo_RIK,THE PIRATE SHIP,大乱闘スマッシュブラザーズ SPECIAL,,,15,FALSE
https://youtu.be/St7iqIzml18?si=uwQXJIgBdIy6ifQu,THE WORLD REVOLVING,DELTARUNE,,,15,FALSE
https://youtu.be/8JXiXt0D6tw?si=htDZNIkFdNK8T4Xo,Who?,Azari,,,15,FALSE
https://youtu.be/Alclgb-aSIM?si=Aq8X9mr87xavSyVY,Windy Hill,ソニック　ロストワールド,,,15,FALSE
https://youtu.be/A2ZoG_rBjBs?si=wsf-ZovSPLsVwiA6,YO-KAI Disco,まもるクンは呪われてしまった！,,,15,FALSE
https://youtu.be/YO1V9fn7zYo?si=SqxcBeba2RBgNsQj,Yona Yona Journey,TAKU INOUE,,,15,FALSE
https://youtu.be/l7eJQdjyDYI?si=N7vg8FEGC1h4ShVh,アイソトープ,r-906,,,15,FALSE
https://youtu.be/ly6cVhjJNYc?si=OWPr-FTY1lP2WLD_,赤いカラスが鳴いたから,NY,,,15,FALSE
https://youtu.be/NTrm_idbhUk?si=13IYcA9y7GpCtpF6,愛して愛して愛して,きくお,,,15,FALSE
https://youtu.be/ezME0Wy0OAE?si=FNSaTUiePXi2_9GR,あさやけもゆうやけもないんだ,夏毛,,,15,FALSE
https://youtu.be/HE0mAgDAx-Q?si=1jMuvxa6PwmOQ8o7,あなたは世界の終わりにずんだを食べるのだ,なみぐる,,,15,FALSE
https://youtu.be/y8-6QPEes1k?si=q1P3nWAn38C28rcn,い～やい～やい～や,Neru,,,15,FALSE
https://youtu.be/PubukElqUJw?si=3JWCzXh1Mq0yQCul,異星に行こうね,いよわ,,,15,FALSE
https://youtu.be/bMPuDj3kGOM?si=5lWeYguTmOFjluub,異世界混合大舞踏会,星野源,,,15,FALSE
https://youtu.be/hcqXjcO791s?si=JHusRTOXpaE5QzjG,ヰ世界の宝石譚,sasakure.uk,,,15,FALSE
https://youtu.be/kqKkh3nd2JQ?si=F_MAKypO7vfszfM3,ヴァンパイア・ブギーナイツ,NONA LEAVES,,,15,FALSE
https://youtu.be/1tN3A693OPM?si=2Vm1a0Gru27RawbQ,裏,全てあなたの所為です。,,,15,FALSE
https://youtu.be/eL-fcfQvb9c?si=CdrCyIv5DhVpjX1J,麗しのブロンディ,NONA LEAVES,,,15,FALSE
https://youtu.be/4M3xishGRxM?si=lPErJUdvIM6Mhj91,大海原探索中,ペーパーマリオ オリガミキング,,,15,FALSE
https://youtu.be/_ZKSftirY3A?si=K6SsabQSbH28Nca_,オーバー！,いよわ,,,15,FALSE
https://youtu.be/7MaF-bWeLGw?si=kFX3R3A8W5s20Yiq,おしゃかしゃま,RADWIMPS,,,15,FALSE
https://youtu.be/7OEOF6mCzIU?si=oizrMzkma6xBcA2R,表,全てあなたの所為です。,,,15,FALSE
https://youtu.be/6RW-ZCfBr6k?si=1EsJKcPIZJkDNt-R,怪盗Rのテーマ,リズム怪盗R,,,15,FALSE
https://youtu.be/XPAFfUcieLY?si=fBgwdR8VovUs16ZE,傀儡,全てあなたの為です。,,,15,FALSE
https://youtu.be/etuG0rTuEgE?si=1UB-nupQniOEbxic,奇想天外ふしぎをどうぞ,ふしぎ駄菓子屋 銭天堂,,,15,FALSE
https://youtu.be/OeRYMeZk5vg?si=R_j8RfqFWwsZXyAH,くらがりシティライフ,電ǂ鯨,,,15,FALSE
https://youtu.be/8BekVGwSX3c?si=yEQGsi6B07zkhI50,黒塗り世界宛て書簡,フロクロ,,,15,FALSE
https://youtu.be/8TghOw3v61k?si=ancsXsSDjl2JgMMw,月光,キタニタツヤ,,,15,FALSE
https://youtu.be/v83IHyS0UBY?si=IKraD9wSimXCqEjG,極楽浄土,speder2,,,15,FALSE
https://youtu.be/YBgzkksLURU?si=KcuIoYFxAGq_m5eC,ことばのおばけがまどからみている,フロクロ,,,15,FALSE
https://youtu.be/68idFECq5Vo?si=HEY_qGUikKC93u_Z,サイキック！ぱーりーないと☆,堀裕子(デレステ),,,15,FALSE
https://youtu.be/hbqV3xSvJQQ?si=TFXmejGWpI_1Bmb3,茶道＊DANCE SPACE,雨穴,,,15,FALSE
https://youtu.be/JcEv1qZKQL0?si=HIPovwJtMnuD788a,さよならコスモノート,ああああ茶漬け,,,15,FALSE
https://youtu.be/Kl0ieRnAHnE?si=_F4UtJBtN2OY5YnI,さんさーら！,(ARuFa),,,15,FALSE
https://youtu.be/B9fsVgjKzlU?si=8aPPbtLCwr5h7biE,思考アンロック,blues,,,15,FALSE
https://youtu.be/cMXSRwY5sQ0?si=BWiI1F4c9nPv_yhR,しゅがーはぁと☆レボリューション,佐藤心(デレステ),,,15,FALSE
https://youtu.be/rEw1AVeuSjg?si=GuE4n6pQALBo_pmV,ショック！,サカナクション,,,15,FALSE
https://youtu.be/6qmTmvpDij4?si=47CLkJyJmz98GSeY,信号が変わります,ろりたみ,,,15,FALSE
https://youtu.be/3wnYh00AoyM?si=xx8KuOY8T_SgDdgB,スペードのQ,ミリシタ,,,15,FALSE
https://youtu.be/2VmXMOyuAoA?si=A0xMSJ2687cGAuvY,ソウソウ,ナターリア(デレステ),,,15,FALSE
https://youtu.be/13yQjVei_K8?si=t_vNN3JIzWQ2uluL,ダイナフォー,マリオオデッセイ,,,15,FALSE
https://youtu.be/1g1lXfgH_XI?si=WViepDMp5Ca8wSZU,太陽ポカポカで草,なみぐる,,,15,FALSE
https://youtu.be/-osQKKXxJEk?si=w8z7vbEs40zufFYJ,タンポポ・ファンファーレ,yadrigg,,,15,FALSE
https://youtu.be/X5NhQ--8qu8?si=qq-_G_tylFt0XCWe,超解像の破壊活動,フロクロ,,,15,FALSE
https://youtu.be/D32hE6596vA?si=kQhNReZHWouxTZR2,天井の研ナ〇コが気になって眠れない,Fujiwara hagane,,,15,FALSE
https://youtu.be/_-fgbICIu7w?si=Iy98W_RlQzikc0XM,トゥイー・ボックスの人形劇場,sasakure.UK,,,15,FALSE
https://youtu.be/NFMmSOWPj_k?si=1gWitOFe8Mp0ctvT,トウキョウ・シャンディ・ランデヴ,MAISONdes,,,15,FALSE
https://youtu.be/BGCvtH835xY?si=G6hMa5XHmQzq9aOC,東京は夜の七時～リオは朝の七時～,椎名林檎,,,15,FALSE
https://youtu.be/ERZd7MtbdN0?si=WJSp89pu8m5M2Vz0,とべない深海魚,電ǂ鯨,,,15,FALSE
https://youtu.be/dBQg24mx45Y?si=STEoGsvmc89QO6ux,トンデモワンダーズ,sasakure.UK,,,15,FALSE
https://youtu.be/RJkuue6TF7M?si=JnoTQKekt3DzCamD,なかよしマーチ,けもフレ,,,15,FALSE
https://youtu.be/sJbwjm9fItc?si=nrHpSDRlhprIv702,螟冗ｶｾ逶ｮ(夏綾目),Cecilia,,,15,FALSE
https://youtu.be/ve1ewaSpLPM?si=NuHzvWQ5JInSwR_N,夏又,Hanzaki,,,15,FALSE
https://youtu.be/mnG1Lsy_aak?si=ohyCKbHifigVaJoC,ニジイロ＊アドベンチュア,sasakure.UK,,,15,FALSE
https://youtu.be/P3H7N34rPZE?si=yEmJM7B64GnbdhmK,猫になって現実逃避でもするか。,にほしか,,,15,FALSE
https://youtu.be/Sf1kDy-aOVQ?si=78NWaMTPeUCKfT5n,乗ってけ！ジャパリビート,けもフレ,,,15,FALSE
https://youtu.be/KbcLg_kMDf8?si=8nQjDqJPWyWk2MdA,運び屋さん,島,,,15,FALSE
https://youtu.be/5k7_9cOwL5A?si=blZhfX5hPBfZyil3,はじまりのうた,全てみんなの所為です。,,,15,FALSE
https://youtu.be/FD0NtMTjXao?si=mnrezDRaI_mBDuEd,初雪とプリン,yadrigg,,,15,FALSE
https://youtu.be/XnpetXbJrp0?si=g-GxpI7dvuLv3R-X,花は散れど、,雪乃トケル,,,15,FALSE
https://youtu.be/TG6yHxuK22g?si=w2VCBJYWPjGF18TD,嵌り合う体は,Green wisteria,,,15,FALSE
https://youtu.be/-x4BRRGXPeU?si=EUXBpx3qmaLt1t8b,ハリボテ,なみぐる,,,15,FALSE
https://youtu.be/lf9fFM5Klc4?si=B5AKEfdejJB1uWXr,ヒトクイザメとおともだち,けだるぎ,,,15,FALSE
https://youtu.be/iHvY8m322yg?si=NCjk8sN8YIL-f8Ih,日々あどべんちゃーなのでしてー,依田芳乃(デレステ),,,15,FALSE
https://youtu.be/L96DGEax3so?si=XIZSD2ZPbgW9Zctv,ひまわりマークをさがせ！,龍崎薫,,,15,FALSE
https://youtu.be/7j0mQH0BtEU?si=5Tl6YAJD2RsmRgmw,フューチャー・イヴ,sasakure.UK,,,15,FALSE
https://youtu.be/hsaf6Jevl2U?si=q2Cu5M_70iyRCBNx,フレ！フレ！ベストフレンズ,けもフレ,,,15,FALSE
https://youtu.be/kGGqhekMox8?si=Lg5N42hHmYOrxrSd,部屋に照らされた光,にほしか,,,15,FALSE
https://youtu.be/JenMBFV9g60?si=D_f-31Q-il73eUO0,望遠鏡の外の景色,椎名林檎,,,15,FALSE
https://youtu.be/_UbOg7Y3ZnI?si=WOMINnrPFGuZta8P,ぼくらの16bitエンズ・トリガー,sasakure.UK,,,15,FALSE
https://youtu.be/g_hYkzSk9ZA?si=lMwY3whcbdQDDzRv,星屑ストラック,太鼓の達人,,,15,FALSE
https://youtu.be/cVPERtPy-kM?si=f5hvqqTo6iiAcEXb,星をつなげて,けもフレ,,,15,FALSE
https://youtu.be/0l1JxbI7uB0?si=mCnTr1MDv_jMFZhN,盆,Speder2,,,15,FALSE
https://youtu.be/aJtgFckrrH0?si=D1h7rTy1DJYzocIl,舛ﾛ牆犂舛ﾛ牆犂,超定期置き場,,,15,FALSE
https://youtu.be/9O2VyUM5MlQ?si=tC_nInCfbxhcfo27,まにまに,r-906,,,15,FALSE
https://youtu.be/uzhpRHAcVWE?si=TlYVJXeISFM3yGsH,みいつけた！さんでぃ,みいつけた！,,,15,FALSE
https://youtu.be/ZpyueT99038?si=MHKZoByXx1vPXg7X,ミカヅキ・ハイウェイカー,YOSI,,,15,FALSE
https://youtu.be/3uJ4O-evw6o?si=AxJVo2dL0keg7tZ5,モ°ルモ°ル,sasakure.UK,,,15,FALSE
https://youtu.be/gVqSkkawjl4?si=sOCxhsox78y-8iuN,モノノフ王国,スーパーペーパーマリオ,,,15,FALSE
https://youtu.be/_gNcQ89Gr5I?si=6vLYb6h0bZdA7KPn,モミジ山,オリガミキング,,,15,FALSE
https://youtu.be/SqNgZt64vTw?si=Qfqmgc5gJovcihkd,雪色トリップ,Xack,,,15,FALSE
https://youtu.be/RDOPXlU3Gnk?si=NRmp0mjDi4OyS6X4,夢見,全てこの世界の所為です。,,,15,FALSE
https://youtu.be/cmAUNchuBIM?si=UnW0b6Ud5CQY8VBx,予言屋さん,島,,,15,FALSE
https://youtu.be/a1OZiofv9jc?si=NGTrBHoOnJtudUUe,夜な夜な夜な,倉橋ヨエコ,,,15,FALSE
https://youtu.be/1IzpILZfXNI?si=IaWho5ky2xAyBHU4,らいくあらいと,けもフレ,,,15,FALSE
https://youtu.be/E-0SH_ciC8Q?si=atwR6Y_CyTkLo-E3,ラペペペ,Inagi,,,15,FALSE
https://youtu.be/GYlpoteRT6o?si=RYTqhJjNrWpTvddW,レイトン教授のテーマ,レイトン教授シリーズ,,,15,FALSE
https://youtu.be/Qf5FUK-hqKU?si=KHu7bwBf2QzVHFpp,レッド・ソール,デレステ,,,15,FALSE
https://youtu.be/pI5-LvbE4AE?si=yrrxr5v0Tb1EsBws,ロンリーローリングスター,塊魂,,,15,FALSE
https://youtu.be/BxqYUbNR-c0?si=A8CUULIRdFgDQSan,忘れられないの,サカナクション,,,15,FALSE
https://youtu.be/Fhg3KsDkMJM?si=-GQmKkPZESYRxmDy,ウルトラトレーラー,マサラダ,,,15,FALSE
https://youtu.be/Yn-Mo8mASdA?si=UkI1t7nBcYtWWjP-,忘れものセンターにまたね！,いのうつはSA,,,15,FALSE
https://youtu.be/jJhm9iDR9HA?si=pSFoK0-rxgjV0Xon,_,夏毛,,,15,FALSE
https://youtu.be/0oPZr_b-P54?si=oLg-eal2cgT5w0yY,crazy (about you),kamome sano,,,15,FALSE
https://youtu.be/a-ipwogZHvc?si=jLRHw-vH3mWwyOgY,てせうす,x髯莏,,,15,FALSE
https://youtu.be/LW1KBCgvEPQ?si=jR2P1f5awibTtS2v,花弁、それにまつわる音声,あばらや,,,15,FALSE
https://youtu.be/F38EuG2dAyM?si=1y2QIfz_t6KTBWUp,イガク,原口沙輔,,,15,FALSE
https://youtu.be/NLFvPVJhWv4?si=M2aFyJyGgzWRW2UJ,俤,全て貴方の所為です。,,,15,FALSE
https://youtu.be/OBkLjALyriw?si=Emrk_E6gjnDdLWoR,街の残像,あばらや,,,15,FALSE
https://youtu.be/nihO54eVnvE?si=W3ddoYxmK_A7Xoh0,Rainy Capsule Paraphrase,井荷麻奈実,,,15,FALSE
https://youtu.be/mejxoKBSdzA?si=ICNQdp-ROJ0llXC6,メガネゴーラウンド,オーイシマサヨシ,,,15,FALSE
https://youtu.be/CU9DUlvyZJ8?si=3GOls4GS9zLI3ZwZ,晦ます雲,しー汰,,,15,FALSE
https://youtu.be/kqrPCDrw3BM?si=AMtTBG39l9rzo6Pm,Starry Night,デレステ,,,15,FALSE
https://youtu.be/FZkRBjjZVRA?si=fux4uG_r9qlOcNfc,尻穴.ptcop,キラクゲ,,,15,FALSE
https://youtu.be/FzYyDPS4cEU?si=7N1ut8iIWtagaWwq,エヌ,全てあなたの所為です。,,,15,FALSE
https://youtu.be/BCEpwTJ3e-M?si=HQ_oPhVUNbHlHZzj,プレミアムワールド,広瀬香美,,,15,FALSE
https://youtu.be/STHbudJogvI?si=eFsVeePiMQEfVmTw,しとど晴天大迷惑,米津玄師,,,15,FALSE
https://youtu.be/79N1O0lF0GY?si=6kQb5dk4kDefNo7P,好き！雪！本気マジック,Mitchie M,,,15,FALSE
https://youtu.be/M20SfPdzlQ0?si=Dad--H4M_4Qrh1Xi,無限にホメてくれる桜乃そら先生,GYARI,,,15,FALSE
https://youtu.be/u2gp9HMtvAc?si=Dy6JBwgkZrsZesde,Rainy Dance Flooor,UNCHAIN,,,15,FALSE
https://youtu.be/530GPjbFTzg?si=JmTXlS5HZaCpxyz1,わすれモノ,いよわ,,,15,FALSE
https://youtu.be/eRFy1u39cik?si=Jm1ihHPFvZWKpA0e,塊オンザドリーム,,,,15,FALSE
https://youtu.be/3zqNr0Qjo_M?si=j5geFC6c9npCR8e4,エンディング,スーパーペーパーマリオ,,,15,FALSE
https://youtu.be/FojYi2Qfi7c?si=tfknJjHzE89nwC95,uni,梓川,,,15,FALSE
https://youtu.be/LZj5mxyDI5s?si=ObKc-pJqbfxu80Qf,キューリーパーリー,,,,15,FALSE
https://youtu.be/RQvTU0b386E?si=qT8EQ4PY7ttHj-p7,Umapyoi Celebrity,長谷部翔,,,15,FALSE
https://youtu.be/OHAjc-ayhus?si=43RdS47oSX1Ld2CO,あぶく,ヨルシカ,,,15,FALSE
https://youtu.be/5lK9z88taP8?si=C1UJ872OuniKLMe9,カンケーガール,マサラダ,,,15,FALSE
https://youtu.be/fYXs9NDMHu0?si=Ej_nMn20UoC53SNe,とげとげタルめいろ (Emocute MdnSpdGrg Remix),Emocute,,,15,FALSE
https://youtu.be/YbyjjPC6wUQ?si=WzTs9wCU253phUln,金の斧、銀の斧、エメラルドの斧,初星学園,,,15,FALSE
https://youtu.be/MJL9LuyX-Bk?si=WYz19Aq9uGV-9Y9f,個々々々々々人,Sohbana,,,15,FALSE
https://youtu.be/vbP45z87zf0?si=MjoeYiClS5jbkicp,一億年恋してる,いのうつはSA,,,15,FALSE
https://youtu.be/IukWjdd-oyU?si=QV0P-kNXPsiCReso,ヒラメがやねからおちてきた,ଳ,,,15,FALSE
https://youtu.be/lt9jWtjtQNo?si=H4DlsJNnF8ryuRpY,お前を殺す,Local Visions,,,15,FALSE
https://youtu.be/bUnfuRew3PU?si=BHfDf9HCTA6_yKWL,Hello Song,星野源,,,15,FALSE
https://youtu.be/DGb-tMhvFyg?si=DF1ibx0iX0MEapUK,ぷらぷりずむ,前髪ぱっつん少年,,,15,FALSE
https://youtu.be/GGhUuKuHedY?si=oLpyl4WZdWot_YE1,サヨナラ、インターネットでしょ,原口沙輔,,,15,FALSE
https://youtu.be/LqqJElGpF44?si=0bMQBHNP4F_EZ6Gp,DIVER,やくしまるえつこ,,,15,FALSE
https://youtu.be/pihhu5Mv0p0?si=Q-IOAAOjd5irg6SN,YADOKARI,井上涼,,,15,FALSE
https://youtu.be/rFOxnc8hlIg?si=5nbnK_vTTZtY_nkR,未完 / ラストソング,星のカービィ ディスカバリー + スターリーワールド,,,15,FALSE
https://youtu.be/soXlTwE0T7k?si=yY8zIXoxry_DGVCB,魂モード,MC Taniguchi,,,15,FALSE
https://youtu.be/0bxpd_QxTYc?si=tAWZ5WIGlT3D9n7f,メニメニマニマニ,高宮なすの,,,15,FALSE
https://youtu.be/MU3xLJeksvk?si=sd7JVUpdOxJELRiG,Baqeela,Owl＊tree,,,15,FALSE
https://youtu.be/LPci3mEA5AA?si=VGI7kgyuzi_fetYy,贅沢と君のカプチーノ,shikisai,,,15,FALSE
https://youtu.be/2KV0Jl2qw_w?si=7gWZTTIXBETTEYW-,サマーバケーSHON!!!!,シッコマン イン ザ パーティ,,,15,FALSE
https://youtu.be/CQ-pxYTwCoI?si=6QxpJBWbE5wwLeYu,L.U.V.,初星学園,,,15,FALSE
https://youtu.be/jkqMwQfxhk8?si=ij46LCPfGaGhTqPI,Bell,androp,,,15,FALSE
https://youtu.be/FxbFA0FUvxI?si=itmH-b8N9a4CxcHt,暴れだす,ウルフルズ,,,15,FALSE
https://youtu.be/mxKg4mBr8dQ?si=THxJzkR_AkaEUsAo,雨曝,全て貴方の所為です。,,,15,FALSE
https://youtu.be/hMheJ3DjHOA?si=jh24TiEUE6cUbnlm,死にゆくあなたへ。廻り続く者より。,ゴウちゃんの実況チャンネル!,,,15,FALSE
https://youtu.be/6vzYvyBj2y0?si=o_EAy13SP0d9Eq2_,Love or Lie,雄之助,,,15,FALSE
https://youtu.be/8WYprAvPI-8?si=2dO-gba6YFqtuNDZ,実況,たくちっ,,,15,FALSE
https://youtu.be/1dSlFYa57rM?si=mFkHWihMesxnNAOp,世界は踊る、されど廻らず。,あじみ,,,15,FALSE
https://youtu.be/ry_8lmQHzWY?si=dAE_5T66VlYXKOzX,できっこないを やらなくちゃ,サンボマスター,,,15,FALSE
https://youtu.be/SII-S-zCg-c?si=rddYQQAZKl_LK3Xo,高嶺の花子さん,back number,,,15,FALSE
https://youtu.be/kRRmA1I3UNY?si=3BmhGchSlS0trvP7,宝島,T-SQUARE,,,15,FALSE
https://youtu.be/1RnBDQJyQdI?si=NgcGw_8fp7Yc6CT9,Around the World,MONKEY MAJIK,,,15,FALSE
https://youtu.be/c5_0NPftdlY?si=GMGyXv65jNWqcpI1,㋰責任集合体,マサラダ,,,15,FALSE
https://youtu.be/8ZP5eqm4JqM?si=x7OWzvTSmo5zBrIS,ビビデバ,星街すいせい,,,15,FALSE
https://youtu.be/mdJCferUwzw?si=mHYoRAmuOgaRHkPY,離れ〲,全て貴方の所為です。,,,15,FALSE
https://youtu.be/e2zkh8vg0TY?si=6pNQqHXmeHoq67oj,’’’’’ 全てあなたの所為です。Remix,"x0o0x, 全てあなたの所為です。",,,15,FALSE
https://youtu.be/sIY2NtZ3wO8?si=DBUehERKZvuiuLLS,点.mp4,安見すや,,,15,FALSE
https://youtu.be/zIhPfG8EOZ0?si=CbNeA8qQTw9UxUyZ,ハイド・アンド・シーフ,ヤマギシコージ,,,15,FALSE
https://youtu.be/IpAIsmRDZd4?si=b5XvocDdgFJTGyHH,ゲーム・ボーイ・アワー,社築,,,15,FALSE
https://youtu.be/KDb4liUNwPo?si=Wow4zGfUq0nxW3YH,インパクトずんだもんぬいぐるみランチブレイク人形ピロぬいぐるみピローひなまつりアニメ周辺オープンコスプレ小道具ピローギフトバースデー超やわらかいぬいぐるみ小さな人形クッションゲームの周りぬいぐるみコスプレ人形少女少年アニメファンクリスマスプレゼントずんだ,なみぐる,,,15,FALSE
https://youtu.be/1AVErqlUdpM?si=4yWCp8FnWA8vRQLL,ギャグ,星野源,,,15,FALSE
https://youtu.be/AeMRXJtg500?si=sL2zQop92EGp6Ixs,ボクノート,スキマスイッチ,,,15,FALSE
https://youtu.be/s8_vqfjYpBg?si=Dlt7ahDWqrV3bx_e,未来のミュージアム,Perfume,,,15,FALSE
https://youtu.be/1zKo_I8VhkA?si=G7B_VKxIgPoWuLGI,Paradise has No Border,東京スカパラダイスオーケストラ,,,15,FALSE
https://youtu.be/BnC-cpUCdns?si=MIDvdwxHAf8fgGXG,Zzz,佐咲紗花,,,15,FALSE
https://youtu.be/xLeIIAJLeVw?si=1kf_xJ749nIzBFMc,Call Of The Dungeon,クラシックダンジョンX2,,,15,FALSE
https://youtu.be/74FIsXlS0EQ?si=A7PV5nR09n8L4_9d,創造,星野源,,,15,FALSE
https://youtu.be/ok7UX3utzvI?si=8jpaXQhd2VGJu5bm,.,ころんば,,,15,FALSE
https://youtu.be/d_T1StgldnM?si=AKIyyhCw1Z5duwkA,イワシがつちからはえてくるんだ,ころんば,,,15,FALSE
https://youtu.be/3nlSDxvt6JU?si=nL21y88ihfWFy3Us,Pixel Galaxy,Snail's House,,,15,FALSE
https://youtu.be/epfPe2U_2Xk?si=591zG1QBqtBhIYzT,SUSHI食べたい,ORANGE RANGE,,,15,FALSE
https://youtu.be/v5fHi3FagPg?si=Z_-jAwF5r40Inwnf,カゲのオバケ,"カノエラナ, コッシー",,,15,FALSE
https://youtu.be/KyT0XvxFuRI?si=ygjhOTtyXtoCWgMM,たーのしーたーのしーたーのしー！,sasakure.UK,,,15,FALSE
https://youtu.be/9liVljr-1cs?si=AVD5f81fI5qaqQjr,少年よ我に返れ,やくしまるえつこ,,,15,FALSE
https://youtu.be/oVb6Gkf-IJM?si=PSpVq7We7Duo6ldc,＊ハロー、プラネット。,sasakure.UK,,,15,FALSE
https://youtu.be/C9PFVo1FEwU?si=wAk1LFvcVAfXPfnj,ヤツメ穴,ころんば,,,15,FALSE
https://youtu.be/sGNOLLOfFwM?si=6Fsz-pNF1GhWIaLe,クーネル・エンゲイザー,電ǂ鯨,,,15,FALSE
https://youtu.be/8Z3TbMBfDM0?si=VqwPBC75yqpT2hMO,ありふれたせかいせいふく,ピノキオピー,,,15,FALSE
https://youtu.be/Q6vxiWJVics?si=CQjFPUQilKj2ezMX,LEGAL-HIGH,林ゆうき,,,15,FALSE
https://youtu.be/ldrbn9E50WM?si=QNEHYbd40MnZOB5V,現実という名の怪物と戦う者たち,高橋優,,,15,FALSE
https://youtu.be/HXQY1VQWTX8?si=nYF8lAsfVCYFGrZh,ピアノ×フォルテ×スキャンダル,OSTER project,,,15,FALSE
https://youtu.be/X3Ka4vDvk_o?si=3hz9r7EM7h7n6lgf,ド七五サンバ,"なみぐる, ころねぽち",,,15,FALSE
https://youtu.be/C6-AN8J385c?si=hi9_riDK-iL_b_ag,ロマンスがありあまる,ゲスの極み乙女,,,15,FALSE
https://youtu.be/pJQyGbv0oZ8?si=YqrwCmIzmkIoBwz6,Twilight,E.L.O.,,,15,FALSE
https://youtu.be/LIlZCmETvsY?si=pvmwTlJRk4HVCj42,新宝島,サカナクション,,,15,FALSE
https://youtu.be/Q6As-tGE3fM?si=Ogc416uon-PoJWqe,ラストバトル,うみとまもののこどもたち,,,15,FALSE
https://youtu.be/xI5pg-O364w?si=wgDB339cWB0wWSU4,REGIKOSTAR～レジ子スターの刺激～,KAN,,,15,FALSE
https://youtu.be/05EF3LLPFy4?si=mJ_xPymhFbn85KFI,夜櫻ブレヰダアズ,ぽんきち,,,15,FALSE
https://youtu.be/UxM5UgpXYM4?si=2V8bx23CS86EzdoU,(きさらぎ駅の歌),x0o0x,,,15,FALSE
https://youtu.be/YzuWMyd7Pjk?si=XcuEXhUELKhsCppF,進捗ダメダメです,GYARI,,,15,FALSE
https://youtu.be/7FDs9HNf7h4?si=peQ1F-T9ZisKsWeU,オドループのピコピコリミックス,にす,,,15,FALSE
https://youtu.be/cRGp-LyGo1w?si=b45gCdMmeVyMc0rA,伊っ達さ,マキシウキョウ,,,15,FALSE
https://youtu.be/NjZnxThhM1c?si=Tqq-bkWV4PxmVgHL,ボックスワンターバ〜ン,"マキシウキョウ, ぼくわたチャンネル",,,15,FALSE
https://youtu.be/U0TXIXTzJEY?si=YQjgBpYE_7cZA1md,il vento d'oro,菅野祐悟,,,15,FALSE
https://youtu.be/-AL6YpjhcUo?si=P7BL40NkA1o0tcio,Double Time (Tumble),Minecraft: Battle & Tumble,,,15,FALSE
https://youtu.be/BoZ0Zwab6Oc?si=zyeRT-wWyff3OxVF,GOTCHA！,BUMP OF CHICKEN,,,15,FALSE
https://youtu.be/xkMdLcB_vNU?si=bGqRGYjc2hFKMdu0,ようこそジャパリパークへ,オーイシマサヨシ,,,15,FALSE
https://youtu.be/JOGCNmyiW6A?si=9s05KE5f9J2TYgLk,こんな毎日だってうたになる,ダイナミック自演ズ,,,15,FALSE
https://youtu.be/-tYi4cNhQZw?si=DpJDR5qxk4oWDF5E,ニホンノミカタ －ネバダカラキマシタ－,矢島美容室,,,15,FALSE
https://youtu.be/zh-4M5blbiI?si=dcftb-olID6CcJGE,YONA YONA DANCE,和田アキ子,,,15,FALSE
https://youtu.be/GDnLHd2Ei3Y?si=oPtGesHOaF0b6tiH,人生は夢だらけ,椎名林檎,,,15,FALSE
https://youtu.be/tviCu14gwAo?si=1hMjK84ZAtenxW2H,おっさん,岡崎体育,,,15,FALSE
https://youtu.be/ZDUS04dtMu8?si=HsmM0rJmqBaH-qUv,タイガーランペイジ,sasakure.UK,,,15,FALSE
https://youtu.be/U-_E55aoa0w?si=hjlV6igfjZ1_vw0f,マードックからの最後の手紙,樽屋 雅徳,,,15,FALSE
https://youtu.be/Dm2O_W6Rrss?si=ovy0zu91JZiH7swj,不革命前夜,NEE,,,15,FALSE
https://youtu.be/ghUo3DHs53Q?si=oEl2cJJxcKGXbQJZ,Hi-Fi-Story,打打だいず,,,15,FALSE
https://youtu.be/ypRTzt1KrF8?si=POYHs4vLopsC1zaA,ドラえもん,星野源,,,15,FALSE
https://youtu.be/LGG8grKZhxY?si=QlGVcc0aiXpuhfbL,時よ,星野源,,,15,FALSE
https://youtu.be/eeYS94GDZ44?si=h2mNjNIsx1GycbON,シオカラ節 Three Mix,スプラトゥーン3,,,15,FALSE
https://youtu.be/g7dvpD_zlIM?si=9Z7YX54z_g17sSZ8,ダンスロボットダンス,ナユタン星人,,,15,FALSE
https://youtu.be/123BD9U5FIk?si=VkWpNNykgidbF_9I,モス,サカナクション,,,15,FALSE
https://youtu.be/g5HQFrSk4OA?si=XHpDTVTFJJCN7k5f,モンダイナイトリッパー！,"sasakure.UK, 名取さな",,,15,FALSE
https://youtu.be/ecYYicWrCEA?si=6gHyA0oMU6AWN-pW,コウメ太夫 Remix,にほしか,,,15,FALSE
https://youtu.be/hgXZQfHySDw?si=f3ZtPTVmrYfSMY2v,Memes,NIVIRO,,,15,FALSE
https://youtu.be/oXueYnx1QQo?si=lG9cD52jojJIEhpp,KAGOME KAGOME,まいわい,,,15,FALSE
https://youtu.be/k5yqJnaCtRo?si=O2lcfjdHZcx_nIEB,ポップコーン!!,原口沙輔,,,15,FALSE
https://youtu.be/CbH2F0kXgTY?si=7lmkT6Xj2SqYcnm3,ミックスナッツ,Official髭男dism,,,15,FALSE
https://youtu.be/6PvEiz6MfEE?si=ev5Y8YBWJ_YU9aUS,愚図,isonosuke,,,15,FALSE
https://youtu.be/e0lVOWgSkSE?si=vxVI_PibaeuNrbMF,鵺子踊,ネジマキ,,,15,FALSE
https://youtu.be/-bdEdSKr21s?si=ZqLNJUc_a7-TuP5s,文学的なブーバキキ,安見すや,,,15,FALSE
https://youtu.be/jcKUEQMCqYc?si=xKtgnEByedzaCY6M,mosi mosi?,楽音,,,15,FALSE